{"Time": [0.8296217417473032, 0.6781158849946757], "V1": [0.99150750338543, 0.9514817046616898], "V2": [0.7632405473279291, 0.7606431950024786], "V3": [0.8319549031340195, 0.8643654333457488], "V4": [0.2665657109220277, 0.1624840707245357], "V5": [0.7622872083135684, 0.7649908034624976], "V6": [0.2621531239499118, 0.2647119664001006], "V7": [0.2615298045974453, 0.2654649260600605], "V8": [0.7857715789904909, 0.7810773675364238], "V9": [0.4991076581396792, 0.4641708758660616], "V10": [0.508092164615897, 0.5213657295403017], "V11": [0.3224515083530079, 0.1696204699023348], "V12": [0.7679454385202222, 0.676807065513743], "V13": [0.5455376004265644, 0.530450825061802], "V14": [0.6375374287197325, 0.6059286139086691], "V15": [0.3115307939651414, 0.3835028773339236], "V16": [0.4591229911665002, 0.4442596956336071], "V17": [0.7040831710333059, 0.6837556133124625], "V18": [0.6981114710866158, 0.7981952902751079], "V19": [0.5764331520924212, 0.4311231491354901], "V20": [0.5789302244358122, 0.5752570284823274], "V21": [0.5653193374833626, 0.5590052608468323], "V22": [0.5552024088763235, 0.529703414258429], "V23": [0.6662237934392502, 0.6671183183322118], "V24": [0.3446927266509758, 0.2469327993444053], "V25": [0.5753806326458937, 0.5118556983946514], "V26": [0.3900376862358346, 0.4845679393991979], "V27": [0.4173446550965634, 0.4096729431479829], "V28": [0.3121671519532562, 0.3101855961110104], "Amount": [0.0003888497055018, 0.0017866067550083]}